cluster,shotgun_rate,no_huddle_rate,play_action_rate,air_yards_per_att,motion_rate,under_center_rate,under_center_play_action_rate,under_center_pass_rate,under_center_run_rate,shotgun_play_action_rate,shotgun_pass_rate,shotgun_run_rate,down_1_pass_rate,down_1_run_rate,down_2_pass_rate,down_2_run_rate,down_3_pass_rate,down_3_run_rate,read_option_rate
0,-12.86421125509866,-6.014729417700333,0.0,0.28462253301593954,0.0,12.86421125509866,0.0,-1.750804992853535,1.7508049928535456,0.0,10.101624420738816,-10.101624420738807,-7.203404682725306,7.203404682725299,-0.48443923174831127,0.48443923174831127,0.7966092236538032,-0.7966092236538067,0.0
1,-0.4534554096296901,-2.853695507514013,0.0,-0.03594206507982012,0.0,0.4534554096296901,0.0,4.251835166415994,-4.251835166415987,0.0,2.120069982698169,-2.120069982698155,4.08858228212317,-4.08858228212317,2.008661321576625,-2.008661321576625,2.138823103809898,-2.138823103809898,0.0
2,5.541443734452798,-0.822674155888885,0.0,0.322099909847795,0.0,-5.541443734452798,0.0,-3.981739352355987,3.981739352355987,0.0,-12.802791649097614,12.802791649097614,-5.430493509486951,5.430493509486958,-7.09172523244569,7.09172523244569,-7.642802440104077,7.642802440104077,0.0
3,17.21511569585988,29.845748356424522,0.0,-1.009773183608492,0.0,-17.21511569585988,0.0,-12.628643919271607,12.62864391927161,0.0,-6.611395445238571,6.611395445238593,2.0991634523932206,-2.0991634523932206,3.7699147727871676,-3.7699147727871676,1.5723888446444363,-1.5723888446444327,0.0
