cluster,shotgun_rate,no_huddle_rate,play_action_rate,air_yards_per_att,motion_rate,under_center_rate,under_center_play_action_rate,under_center_pass_rate,under_center_run_rate,shotgun_play_action_rate,shotgun_pass_rate,shotgun_run_rate,down_1_pass_rate,down_1_run_rate,down_2_pass_rate,down_2_run_rate,down_3_pass_rate,down_3_run_rate,read_option_rate
0,-6.631925476163197,-4.924681587325815,0.0,0.10004435597184269,0.0,6.631925476163204,0.0,-4.499487717927661,4.499487717927664,0.0,6.096597488639688,-6.096597488639695,-5.942563395716995,5.942563395716995,1.7416233129146477,-1.7416233129146477,2.233236679967277,-2.233236679967277,-0.01159092610927607
1,-11.068237295369109,-2.941653117535627,0.0,0.08449581854441135,0.0,11.068237295369116,0.0,7.300715592660868,-7.300715592660865,0.0,9.06495922569134,-9.064959225691341,2.758821498049869,-2.758821498049869,4.08962980694433,-4.089629806944323,2.2715521060069364,-2.2715521060069435,-0.01159092610927607
2,6.136843465447036,2.870019906715596,0.0,-0.0375441852322167,0.0,-6.136843465447029,0.0,-0.36467903172435356,0.36467903172435,0.0,-4.418883774912132,4.418883774912132,1.083801008165068,-1.083801008165068,-0.37081320798503725,0.37081320798504436,-1.0653765001833193,1.0653765001833122,0.009015164751659165
3,-4.381514175294747,-3.5779283165909277,0.0,-0.057839250243481466,0.0,4.381514175294754,0.0,-4.810530028304065,4.810530028304072,0.0,0.19094065992787534,-0.190940659927886,-3.0727733881006714,3.0727733881006785,-6.207408587398454,6.2074085873984615,-0.8463705881527517,0.8463705881527623,-0.01159092610927607
