cluster,shotgun_rate,no_huddle_rate,play_action_rate,air_yards_per_att,motion_rate,under_center_rate,under_center_play_action_rate,under_center_pass_rate,under_center_run_rate,shotgun_play_action_rate,shotgun_pass_rate,shotgun_run_rate,down_1_pass_rate,down_1_run_rate,down_2_pass_rate,down_2_run_rate,down_3_pass_rate,down_3_run_rate,read_option_rate
0,-6.054634764692786,-2.190038151310679,0.0,-0.6301263378671962,0.0,6.054634764692786,0.0,-1.5746132781272166,1.5746132781272024,0.0,1.3666743343324583,-1.3666743343324548,-4.485898043399665,4.485898043399658,-2.49452109995687,2.49452109995687,-1.7947791067008154,1.7947791067008119,-0.0022433596554199565
1,7.115528068541558,-0.5120045561036841,0.0,0.2880370657100251,0.0,-7.115528068541558,0.0,-1.3332746784812457,1.3332746784812457,0.0,-4.097568506432708,4.097568506432715,2.7590974969207807,-2.7590974969207878,-0.8049448519034996,0.8049448519034996,0.01810211643147852,-0.018102116431467863,0.002884319556968515
2,8.35115684649012,16.987924400601848,0.0,-0.6582961273345047,0.0,-8.35115684649012,0.0,-0.9069363601028222,0.9069363601028044,0.0,-0.08236116523242742,0.08236116523243098,-0.540842176922709,0.5408421769227019,11.583033639071864,-11.583033639071868,2.8597951571237274,-2.8597951571237274,-0.002243359655419956
3,-9.943744848188295,-0.5434730702669288,0.0,0.8430926102535601,0.0,9.943744848188295,0.0,7.560092855668493,-7.5600928556685005,0.0,8.499452748573177,-8.49945274857318,2.3598395748701506,-2.3598395748701506,3.1085785496061646,-3.1085785496061646,2.7539100458841688,-2.753910045884165,-0.002243359655419956
