shotgun_rate,no_huddle_rate,play_action_rate,air_yards_per_att,motion_rate,under_center_rate,under_center_play_action_rate,under_center_pass_rate,under_center_run_rate,shotgun_play_action_rate,shotgun_pass_rate,shotgun_run_rate,down_1_pass_rate,down_1_run_rate,down_2_pass_rate,down_2_run_rate,down_3_pass_rate,down_3_run_rate,read_option_rate
9.232021323332638,-0.8796955073094548,0.0,0.5035136558046789,0.0,-9.232021323332638,0.0,3.082520779623003,-3.0825207796230103,0.0,-20.694771338921626,20.69477133892163,-10.551026540450174,10.551026540450174,-8.193540371447014,8.193540371447021,-8.272523312345925,8.272523312345918,0.0
-3.551275731578393,-0.25086419442208285,0.0,-0.009860759746894487,0.0,3.551275731578393,0.0,3.9116172612093507,-3.911617261209358,0.0,5.142340286496477,-5.142340286496474,3.6036702182452345,-3.6036702182452345,2.0096881909728808,-2.0096881909728808,4.239077354803513,-4.239077354803516,0.0
-8.971518072226473,0.1625462956114614,0.0,0.10412064727377857,0.0,8.971518072226473,0.0,-2.959143246469715,2.959143246469708,0.0,3.9616483238224447,-3.961648323822441,-3.867997957107825,3.867997957107832,-4.214564831226255,4.214564831226255,-3.0277721093458467,3.0277721093458396,0.0
7.90471751253277,0.3301761162185164,0.0,-0.14704933868755266,0.0,-7.90471751253277,0.0,-2.944585997133654,2.944585997133643,0.0,-4.368189002442861,4.368189002442868,0.448545105610215,-0.448545105610215,1.979343297254843,-1.979343297254843,-1.193588806139033,1.1935888061390365,0.0
