cluster,shotgun_rate,no_huddle_rate,play_action_rate,air_yards_per_att,motion_rate,under_center_rate,under_center_play_action_rate,under_center_pass_rate,under_center_run_rate,shotgun_play_action_rate,shotgun_pass_rate,shotgun_run_rate,down_1_pass_rate,down_1_run_rate,down_2_pass_rate,down_2_run_rate,down_3_pass_rate,down_3_run_rate,read_option_rate
0,-5.712478266567274,-0.9879703848783556,0.0,0.0272193653274444,0.0,5.712478266567274,0.0,5.307668761010355,-5.307668761010362,0.0,8.552631164068075,-8.55263116406806,4.262219130135136,-4.262219130135129,6.466487018674606,-6.466487018674613,0.34582696219807474,-0.3458269621980783,-0.00399616368286445
1,-15.320485418969106,-0.23856975925113844,0.0,-0.8727230479526753,0.0,15.320485418969106,0.0,0.23515401753566323,-0.23515401753566323,0.0,3.0956895764200425,-3.095689576420039,-8.724805709291317,8.724805709291317,-4.178958832909437,4.178958832909423,-2.5352669157479113,2.535266915747904,-0.00399616368286445
2,4.807366887555496,0.6203356716327093,0.0,0.17749299224551685,0.0,-4.807366887555496,0.0,-1.6898759238423082,1.689875923842294,0.0,-2.490524974572665,2.490524974572672,1.2522232798373025,-1.2522232798373025,-0.583844742011955,0.5838447420119479,1.4652103520278956,-1.4652103520279027,0.002734217256696728
3,25.24980409726212,-3.677736270617305,0.0,0.8007128298064483,0.0,-25.24980409726212,0.0,-6.221808861746904,6.221808861746894,0.0,-28.026891513695794,28.0268915136958,-10.003747681398231,10.003747681398231,-13.277564867948094,13.277564867948087,-17.58345084517712,17.583450845177115,-0.00399616368286445
