cluster,shotgun_rate,no_huddle_rate,play_action_rate,air_yards_per_att,motion_rate,under_center_rate,under_center_play_action_rate,under_center_pass_rate,under_center_run_rate,shotgun_play_action_rate,shotgun_pass_rate,shotgun_run_rate,down_1_pass_rate,down_1_run_rate,down_2_pass_rate,down_2_run_rate,down_3_pass_rate,down_3_run_rate,read_option_rate
0,8.942150813357273,2.839111726120872,0.0,0.00394097555576689,0.0,-8.942150813357273,0.0,-1.7965301936698737,1.7965301936698665,0.0,-2.8471776717277493,2.8471776717277564,4.047396779348482,-4.047396779348482,0.7376262348273173,-0.7376262348273173,-0.11357620860987083,0.11357620860987439,0.008553010659752237
1,-3.5621888342654913,-2.609865080097107,0.0,0.17695592311639974,0.0,3.5621888342654913,0.0,3.7409466610274293,-3.7409466610274364,0.0,3.160710661722902,-3.1607106617228986,0.18088383931949892,-0.18088383931949892,3.2762456983852246,-3.2762456983852317,4.310542668402206,-4.310542668402196,-0.005852059925093632
2,-14.591466026861497,-0.44713919011868164,0.0,-0.36108253749960273,0.0,14.591466026861497,0.0,-0.48083193747754294,0.4808319374775465,0.0,4.194880336446687,-4.194880336446676,-5.936350166986536,5.936350166986536,-5.1242200113966945,5.124220011396702,-3.552348907861017,3.5523489078610275,-0.005852059925093632
3,25.076378791306098,-5.0699622276723595,0.0,0.5298299259918338,0.0,-25.0763787913061,0.0,-14.429697191250533,14.42969719125054,0.0,-27.118669901617764,27.11866990161777,-13.051429195139036,13.051429195139036,-9.758303655215713,9.758303655215713,-21.073036285468667,21.073036285468675,-0.005852059925093632
