cluster,shotgun_rate,no_huddle_rate,play_action_rate,air_yards_per_att,motion_rate,under_center_rate,under_center_play_action_rate,under_center_pass_rate,under_center_run_rate,shotgun_play_action_rate,shotgun_pass_rate,shotgun_run_rate,down_1_pass_rate,down_1_run_rate,down_2_pass_rate,down_2_run_rate,down_3_pass_rate,down_3_run_rate,read_option_rate
0,7.313728633076991,0.2285852413268099,0.0,-0.23561320321871548,0.0,-7.313728633076991,0.0,1.7905076879615187,-1.790507687961508,0.0,-4.371426083995317,4.37142608399531,3.257663860695132,-3.257663860695132,-0.5414696678751696,0.5414696678751696,-1.3664861841368463,1.366486184136857,0.0
1,-7.583769735446559,-2.408635608888515,0.0,0.20841164524278177,0.0,7.583769735446559,0.0,-2.1479590095466286,2.147959009546639,0.0,0.48120788617394794,-0.48120788617396215,-4.125652857800091,4.125652857800091,-5.395702306182002,5.395702306182002,-2.6918229889666634,2.6918229889666705,0.0
2,-3.785605867248563,-0.6084682932006871,0.0,-0.024136274995103513,0.0,3.785605867248563,0.0,1.4603633562442297,-1.4603633562442297,0.0,6.450023841282388,-6.450023841282391,1.3673753801620165,-1.3673753801620165,5.195057583278533,-5.195057583278533,4.954323882627904,-4.9543238826279,0.0
3,18.379152913991717,13.042509645968057,0.0,0.37296312497412476,0.0,-18.379152913991724,0.0,-7.318721356190974,7.318721356190977,0.0,-15.783436194859433,15.783436194859426,-5.243446034266341,5.243446034266341,-1.584807990837028,1.584807990837028,-8.303146983419197,8.3031469834192,0.0
