shotgun_rate,no_huddle_rate,play_action_rate,air_yards_per_att,motion_rate,under_center_rate,under_center_play_action_rate,under_center_pass_rate,under_center_run_rate,shotgun_play_action_rate,shotgun_pass_rate,shotgun_run_rate,down_1_pass_rate,down_1_run_rate,down_2_pass_rate,down_2_run_rate,down_3_pass_rate,down_3_run_rate,read_option_rate,personnel_01_rate,personnel_10_rate,personnel_11_rate,personnel_12_rate,personnel_13_rate,personnel_20_rate,personnel_21_rate,personnel_22_rate,personnel_31_rate
0.13690152348644347,0.01917178228299754,0.0,-0.13867217254375142,0.0,-0.13690152348644347,0.0,3.077065858580589,-3.0770658585805677,0.0,4.178440508779445,-4.17844050877946,3.577701568909802,-3.577701568909802,4.877452857138039,-4.877452857138032,3.410940807073615,-3.4109408070736187,0.0,0.08825657894736844,0.2980756578947369,5.400263157894734,-1.193700657894734,-0.947269736842105,-0.06277960526315784,-1.0437171052631573,-1.2877796052631583,-0.4054769736842103
4.785534579333877,4.431814302699449,0.0,1.635504529559344,0.0,-4.785534579333877,0.0,-5.150253639126273,5.150253639126291,0.0,-18.740304392018736,18.74030439201873,-15.059401493795463,15.059401493795463,-9.502589157943738,9.502589157943731,-8.429632462842264,8.429632462842257,0.0,-0.20437499999999997,-0.5571875,-34.415000000000006,-15.3484375,-3.7393750000000003,8.1340625,23.72312499999999,3.7390625,11.1503125
-2.19962386343105,-0.022916684516982144,0.0,0.06465271247273296,0.0,2.19962386343105,0.0,-5.281201010856186,5.281201010856208,0.0,-3.81650506859701,3.816505068597003,-4.456894877579849,4.456894877579849,-7.128607608294715,7.128607608294715,-3.854026601066039,3.854026601066039,0.0,-0.11528409090909085,-0.41355113636363633,-1.8477272727272762,2.967017045454547,2.0924431818181812,-0.6304829545454544,-1.7450568181818182,-0.875482954545455,-0.2751420454545454
16.80919897216532,-4.543994636389606,0.0,0.28808691157188093,0.0,-16.80919897216532,0.0,4.7792134455132285,-4.779213445513207,0.0,-18.668509520223864,18.668509520223864,-3.8910846621122914,3.8910846621122914,-4.754331436436878,4.754331436436878,-13.98395025983006,13.983950259830046,0.0,-0.20437499999999997,-0.5571875,-47.865,5.391562500000003,-1.279375,-0.005937499999999929,15.303125,30.359062499999997,-0.4196875
