shotgun_rate,no_huddle_rate,play_action_rate,air_yards_per_att,motion_rate,under_center_rate,under_center_play_action_rate,under_center_pass_rate,under_center_run_rate,shotgun_play_action_rate,shotgun_pass_rate,shotgun_run_rate,down_1_pass_rate,down_1_run_rate,down_2_pass_rate,down_2_run_rate,down_3_pass_rate,down_3_run_rate,read_option_rate
7.636980237065693,2.749868899432247,0.0,-0.40268581107263657,0.0,-7.636980237065693,0.0,-0.27928197994219417,0.27928197994221193,0.0,1.2602088877441702,-1.2602088877441808,4.9262262368871745,-4.9262262368871745,6.418651183943794,-6.418651183943794,2.506149246585437,-2.506149246585448,0.0
9.72142909696717,0.856004347256123,0.0,0.7504116734443462,0.0,-9.721429096967164,0.0,-6.179293359024047,6.179293359024058,0.0,-17.28641833441523,17.28641833441523,-7.131115063185142,7.131115063185135,-9.665932727009633,9.665932727009633,-13.961589776922203,13.961589776922189,0.0
-5.698140663009141,-1.8319979504947579,0.0,0.08071201652343252,0.0,5.698140663009141,0.0,6.314096858390279,-6.314096858390258,0.0,6.563688174475374,-6.563688174475381,2.78781736602366,-2.78781736602366,3.9337296522707206,-3.9337296522707206,4.691161709935557,-4.691161709935571,0.0
-4.300015165430274,-0.7102989079534918,0.0,-0.05872803704305962,0.0,4.300015165430274,0.0,-3.618953930826894,3.6189539308269048,0.0,-0.6572879509046317,0.6572879509046246,-3.876352330259323,3.87635233025933,-5.202277508621876,5.202277508621876,-1.1114451964350565,1.1114451964350494,0.0
