cluster,shotgun_rate,no_huddle_rate,play_action_rate,air_yards_per_att,motion_rate,under_center_rate,under_center_play_action_rate,under_center_pass_rate,under_center_run_rate,shotgun_play_action_rate,shotgun_pass_rate,shotgun_run_rate,down_1_pass_rate,down_1_run_rate,down_2_pass_rate,down_2_run_rate,down_3_pass_rate,down_3_run_rate,read_option_rate,personnel_01_rate,personnel_10_rate,personnel_11_rate,personnel_12_rate,personnel_13_rate,personnel_20_rate,personnel_21_rate,personnel_22_rate,personnel_31_rate
0,8.882080588924175,-2.050895425692274,0.0,-0.7116929832719565,0.0,-8.882080588924175,0.0,-0.719462806606014,0.7194628066060176,0.0,0.5727884589750261,-0.5727884589750296,5.575571294126611,-5.575571294126611,6.14384761857665,-6.14384761857665,3.0753413181455755,-3.075341318145586,0.0,0.49468749999999995,0.07906250000000004,7.255937500000002,0.7109375000000036,0.07218750000000007,-0.4728125000000001,-6.909999999999999,-1.4396875,-0.05500000000000001
1,3.1142432304956458,-1.796108216914007,0.0,0.19631535644769382,0.0,-3.1142432304956458,0.0,-4.334717248450975,4.334717248450971,0.0,-7.452339316093237,7.4523393160932265,-4.993070447359301,4.993070447359301,-4.896652784767838,4.896652784767831,-2.873209323487771,2.873209323487764,0.0,-0.4393125000000001,-0.25143750000000004,-22.5925625,0.12343750000000497,-1.2663125000000002,2.1196875,19.712500000000006,4.2718125,0.297
2,-7.02884894551827,0.03160945856004549,0.0,0.08195646196398787,0.0,7.02884894551827,0.0,4.287573501601521,-4.287573501601528,0.0,5.250809947488591,-5.250809947488609,0.612017918352393,-0.6120179183524002,0.9934812303361724,-0.9934812303361724,2.381204730563752,-2.3812047305637734,0.0,-0.1803125,0.05727678571428563,0.7627232142857139,0.5777232142857187,-0.031026785714285854,-0.24245535714285715,-0.8503571428571419,-0.14718750000000003,-0.05499999999999999
3,5.256038525453434,1.8601767074998357,0.0,0.07975607592817102,0.0,-5.256038525453434,0.0,-3.9416212837491464,3.941621283749143,0.0,-4.282310724474954,4.282310724474943,-0.6561315329603943,0.6561315329603943,-1.5556515305748633,1.5556515305748633,-3.4746872092262606,3.4746872092262535,0.0,0.3046875,0.01545138888888875,8.14010416666666,-1.2832291666666649,0.7196875,-0.5903124999999999,-6.557499999999999,-1.5044097222222224,-0.055000000000000014
