cluster,shotgun_rate,no_huddle_rate,play_action_rate,air_yards_per_att,motion_rate,under_center_rate,under_center_play_action_rate,under_center_pass_rate,under_center_run_rate,shotgun_play_action_rate,shotgun_pass_rate,shotgun_run_rate,down_1_pass_rate,down_1_run_rate,down_2_pass_rate,down_2_run_rate,down_3_pass_rate,down_3_run_rate,read_option_rate,personnel_01_rate,personnel_10_rate,personnel_11_rate,personnel_12_rate,personnel_13_rate,personnel_20_rate,personnel_21_rate,personnel_22_rate,personnel_31_rate
0,2.3308283008354564,-1.3151535369580092,0.0,-0.29327016077316337,0.0,-2.3308283008354564,0.0,1.7612570733916293,-1.7612570733916328,0.0,1.11806119655715,-1.1180611965571572,3.0797313221264204,-3.0797313221264204,2.5416711548155817,-2.5416711548155817,1.9734435210309016,-1.9734435210309087,0.0,0.8069097222222221,0.3121180555555555,2.0756597222222126,1.7367708333333383,2.636354166666666,-0.37475694444444446,-6.417499999999999,-0.9188541666666665,-0.05499999999999999
1,-6.499971691413613,-0.8579474795989537,0.0,0.12560107522001207,0.0,6.499971691413613,0.0,2.5337832017658783,-2.5337832017658855,0.0,4.382241630301053,-4.382241630301056,-0.9517330627632461,0.9517330627632461,0.4245373600991158,-0.4245373600991158,2.7565318303006308,-2.756531830300638,0.0,-0.3730048076923078,-0.22036057692307692,0.9557451923076883,-1.7142548076923028,-0.7818509615384617,-0.2264663461538462,2.3517307692307705,-0.2437259615384615,-0.05499999999999999
2,2.283854860899936,-1.1906749137885084,0.0,0.24142202393229883,0.0,-2.283854860899936,0.0,-4.166530224237228,4.166530224237221,0.0,-8.38246673642628,8.38246673642627,-5.0144547488391,5.0144547488391,-6.645270707285192,6.645270707285185,-5.818802581855493,5.818802581855479,0.0,-0.5153125000000001,-0.5084375,-23.6165625,2.633437500000003,-0.6803124999999999,2.4646875,16.18,5.332812500000001,0.385
3,9.064459639543038,4.625399787093755,0.0,0.00682156222818886,0.0,-9.064459639543045,0.0,-5.354062397755367,5.3540623977553565,0.0,-5.583637502870516,5.583637502870506,0.7854611520234513,-0.7854611520234513,-0.3021572075813097,0.3021572075813097,-5.053449192627426,5.053449192627415,0.0,-0.0586458333333334,0.3482291666666666,10.560104166666662,-0.6465624999999982,-1.8069791666666666,-0.5903124999999999,-6.2558333333333325,-1.6488541666666665,-0.05499999999999999
