shotgun_rate,no_huddle_rate,play_action_rate,air_yards_per_att,motion_rate,under_center_rate,under_center_play_action_rate,under_center_pass_rate,under_center_run_rate,shotgun_play_action_rate,shotgun_pass_rate,shotgun_run_rate,down_1_pass_rate,down_1_run_rate,down_2_pass_rate,down_2_run_rate,down_3_pass_rate,down_3_run_rate,read_option_rate
4.02300429326548,0.9211546367362331,0.0,-0.5365010712591154,0.0,-4.02300429326548,0.0,3.4585525829099737,-3.4585525829099737,0.0,3.9879292951052037,-3.9879292951052108,7.971479411136663,-7.97147941113667,4.079587301366985,-4.079587301366992,4.4839152703988105,-4.483915270398807,0.0
8.916700315495518,8.79484045535859,0.0,0.8586389830815246,0.0,-8.916700315495525,0.0,-5.249961742910063,5.24996174291006,0.0,-14.25891395438331,14.258913954383306,-8.008448468792203,8.008448468792196,-6.641227083890584,6.641227083890584,-7.588368831224088,7.588368831224084,0.0
-10.292266777458153,-1.8848183296693026,0.0,0.1732493567087552,0.0,10.292266777458153,0.0,1.8020326579109387,-1.8020326579109422,0.0,5.835272947308738,-5.835272947308745,-0.6557117295513422,0.6557117295513422,-1.9145362638186612,1.9145362638186612,2.3066452716808072,-2.3066452716808143,0.0
1.5862865073521917,-3.438007440365906,0.0,-0.15604305557134968,0.0,-1.5862865073521917,0.0,-1.7636905869927944,1.7636905869927944,0.0,-1.3126321114703927,1.3126321114703856,-1.782818737917033,1.782818737917026,1.7800263382884935,-1.7800263382884935,-1.8689285452197453,1.8689285452197382,0.0
