cluster,shotgun_rate,no_huddle_rate,play_action_rate,air_yards_per_att,motion_rate,under_center_rate,under_center_play_action_rate,under_center_pass_rate,under_center_run_rate,shotgun_play_action_rate,shotgun_pass_rate,shotgun_run_rate,down_1_pass_rate,down_1_run_rate,down_2_pass_rate,down_2_run_rate,down_3_pass_rate,down_3_run_rate,read_option_rate,personnel_01_rate,personnel_10_rate,personnel_11_rate,personnel_12_rate,personnel_13_rate,personnel_20_rate,personnel_21_rate,personnel_22_rate,personnel_31_rate
0,1.4218386349088803,-1.348257494495586,0.0,-0.4164403043442064,0.0,-1.4218386349088803,0.0,1.0410295875009545,-1.041029587500958,0.0,2.599758842427647,-2.5997588424276614,3.727305737361455,-3.727305737361462,2.531580469961952,-2.531580469961952,1.934088875949385,-1.9340888759493922,0.0,0.04402777777777778,0.2075347222222223,3.523159722222232,-0.6222569444444446,0.02100694444444473,-0.20517361111111115,-2.4727083333333324,-0.7476736111111113,-0.006944444444444451
1,-2.053539389932027,-6.0122358382407395,0.0,0.9737450994970231,0.0,2.053539389932027,0.0,-1.3095918435932283,1.309591843593239,0.0,-7.059847449396699,7.0598474493967025,-5.536653328566949,5.536653328566942,-3.9898150417326477,3.9898150417326548,-8.32865495155987,8.32865495155988,0.0,0.3162499999999999,-0.3596875,-18.379062500000003,-3.2378125000000004,-3.0934375,3.6709374999999995,11.965625000000003,9.8034375,0.25749999999999995
2,8.43099115682054,7.947895593865452,0.0,0.7326231444605238,0.0,-8.43099115682054,0.0,-5.279688573320328,5.279688573320328,0.0,-11.403759701992328,11.403759701992318,-7.7119101600622315,7.7119101600622315,-3.937281897034765,3.937281897034765,-5.519489570420532,5.519489570420529,0.0,-0.08875,-0.22135416666666663,5.390937500000007,-0.09947916666666856,-0.9451041666666664,-0.21072916666666666,-2.5543749999999994,-1.268229166666667,-0.0325
3,-12.011993931569833,-1.8990444976317757,0.0,0.19211606873975207,0.0,12.011993931569833,0.0,2.593130425348537,-2.5931304253485337,0.0,5.957765657841563,-5.957765657841577,-1.6244559424998428,1.6244559424998357,-2.327521165606882,2.327521165606875,2.493441259758967,-2.4934412597589706,0.0,-0.14875000000000005,-0.2813541666666666,-9.834062499999995,3.045520833333331,1.9132291666666665,-0.3973958333333334,5.983958333333336,0.24343749999999975,-0.0325
