cluster,under_center_play_action_rate,under_center_pass_rate,under_center_run_rate,shotgun_play_action_rate,shotgun_pass_rate,shotgun_run_rate,down_1_pass_rate,down_1_run_rate,down_2_pass_rate,down_2_run_rate,down_3_pass_rate,down_3_run_rate,read_option_rate,motion_rate,play_action_rate,air_yards_per_att,shotgun_rate,no_huddle_rate,under_center_rate,personnel_01_rate,personnel_10_rate,personnel_11_rate,personnel_12_rate,personnel_13_rate,personnel_20_rate,personnel_21_rate,personnel_22_rate,personnel_31_rate
0,0.0,0.8040657040900534,-0.8040657040900498,0.0,3.8175820266449563,-3.8175820266449634,2.3320752708044594,-2.3320752708044594,3.1261954913378247,-3.1261954913378247,2.66801844829061,-2.6680184482906064,0.0,-1.1781249999999943,0.21323529411764497,-0.26727941176470615,-0.7483455882352814,-1.1696691176470608,0.7483455882352885,-0.03814338235294118,-0.1115073529411765,4.135238970588233,-1.0981985294117642,1.209650735294117,-0.0962867647058824,-3.3749816176470593,-1.3280698529411765,-0.025937499999999992
1,0.0,0.6965165382315597,-0.6965165382315632,0.0,-0.7261065461336074,0.7261065461336003,-3.381612204851109,3.381612204851109,-5.105582871662328,5.105582871662328,-3.890936737740617,3.890936737740624,0.0,4.721875000000004,0.5124999999999975,0.2937499999999993,-9.159374999999997,-4.796875000000002,9.159374999999997,0.05406250000000001,-0.15687500000000004,-9.865937499999994,0.6131250000000001,-2.0371875000000004,-0.18562500000000007,8.3828125,3.6803125,0.05281250000000001
2,0.0,0.3624267993842203,-0.36242679938420963,0.0,-2.1651819994584542,2.16518199945844,-2.26573402228248,2.26573402228248,6.6657065816586325,-6.6657065816586325,-1.5845923436291542,1.5845923436291685,0.0,-3.078124999999993,0.22499999999999787,0.25624999999999964,5.028125000000003,-5.734375000000002,-5.028125000000003,0.6265625,4.224375,0.6640625,-16.569375,-3.4409375000000004,4.783125,4.710312500000001,5.0678125000000005,-0.0259375
3,0.0,-3.2672793457946057,3.2672793457946057,0.0,-9.487476680739498,9.48747668073949,-1.7211079904307525,1.7211079904307454,-3.1610611601838343,3.1610611601838343,-2.1073712292310205,2.1073712292310205,0.0,-2.44479166666666,-1.325000000000001,0.3229166666666661,13.494791666666671,10.665624999999999,-13.494791666666671,-0.06843749999999998,-0.17895833333333333,1.327395833333334,5.055624999999999,-0.13760416666666675,-0.27687500000000004,-2.3996874999999998,-1.9888541666666668,0.007395833333333338
