{
  "lag_net_epa": 0.22351100628626078,
  "lag_win_pct": 0.19228431861432008,
  "lag_qb_grade": 0.18414835801331841,
  "lag_ol_grade": 0.004400066845879546,
  "lag_rb_grade": 0.07714677904040189,
  "lag_wr_grade": 0.08818826387299826,
  "lag_edge_grade": 0.07783648588532101,
  "lag_idl_grade": 0.0,
  "lag_lb_grade": 0.12272658829400442,
  "lag_cb_grade": 0.029758133147495675,
  "lag_s_grade": 0.0
}