Year,Train_Range,Train_N,R2,MAE,RMSE,Samples
2023,2010-2022,2090,0.8221767784197209,4.6288887423404805,7.342192866389225,233
2024,2010-2023,2323,0.6152547052574886,7.242028808335126,10.369884949801213,236
